SHIPPER,TOTAL_QUANTITY,NUM_SHIPMENTS,AVG_QUANTITY_1,AVG_QUANTITY_2
Federal,43800,17,40233.333,2576.470588
Freight,38800,14,40233.333,2771.428571
Pensk,37500,16,40233.333,2343.750000
DBS,36800,15,40233.333,2453.333333
United,48100,15,40233.333,3206.666667
American,36400,15,40233.333,2426.666667
