CITY,TOTAL_QUANTITY,TOTAL_PATIENTS,VACCINE_RATIO
Grand,44700,160000,0.279375
Aurora,29600,110000,0.269091
Fort Worth,18200,70000,0.260000
Houston,13900,55000,0.252727
Madison,21100,104000,0.202885
Akron,23800,120000,0.198333
Cincinnati,19700,144000,0.136806
Toledo,33700,260000,0.129615
